[
    {
        "resource": "ReactiveCompositeDiscoveryClient_sys",
        "_comment1": "限流指标维度",
        "grade": 1,
        "count": 10,
        "_comment2": "统计时间窗口，单位是秒，默认是 1 秒",
        "intervalSec": 1,
        "strategy": 0,
        "_comment3": "目前支持快速失败和匀速排队两种模式，默认是快速失败。",
        "controlBehavior": 0,
        "warmUpPeriodSec": 10,
        "maxQueueingTimeMs": 500,
        "_comment4": "应对突发请求时额外允许的请求数目",
        "burst": 20
    }
]